id,annee,affair,location,precise,latitude,longitude,logarithm
1,4.56B years ago,Sun is born,Solar System,Sun,90,0,-6337.4461
2,13.8B years ago,Big Bang,Universe,(whole),90,0,-6818.3602
3,13B years ago,Milky Way is born,Milky Way,(whole),90,0,-6792.4245
4,CE 2023,space telescope Euclid is launched,United States,Florida,28.524058,-80.65085,1432.2325
5,126M years ago,Iguanodon,Belgium,Bernissart,50.4833,3.65,-4778.8589
6,CE 1941,Siege of Leningrad,Russia,Saint Petersburg,59.9375,30.308611,1119.2719
7,CE 1969,Apollo11 Moon Landing,Solar System,Moon,90,0,1202.7737
8,CE 1789,Storming of the Bastille,France,Paris,48.853333,2.36917,828.1142
9,4.54B years ago,Earth is born,Solar System,Earth,90,0,-6335.5371
10,4.51B years ago,Moon is born,Solar System,Moon,90,0,-6332.6578
11,BCE 2560,Great Pyramid,Egypt,Giza,29.9792,31.1342,-346.9681
12,BCE 776,the First Olympic,Greece,Olympia,37.638056,21.630556,-137.3331
13,BCE 1900,Erlitou Site,China,Erlitou,34.693,112.689,-280.6588
14,CE 79,Mount Vesuvius erupt,Italy,Mount Vesuvius,40.816667,14.433333,15.8775
15,about BCE 3000,Stonehenge,United Kingdom,Sollsbury Plain,51.1044,-1.4934,-386.1436
16,4.1B years ago,Late Heavy Bombardment,Solar System,Earth,90,0,-6291.2652
17,1.0B years ago,Multicellular,Solar System,Earth,90,0,-5678.482
18,2.1B years ago,Eukaryote,Solar System,Earth,90,0,-6000.7008
19,3.8B years ago,Prokaryote,Solar System,Earth,90,0,-6258.2649
20,3.5B years ago,Cyanobacteria,Solar System,Earth,90,0,-6183.6313
21,CE 2001,September 11 attacks - New York,United States,New York,40.4242,-74.0045,1324.5553
22,CE 1793,Marie Antoinette is guillotined,France,Paris,48.465556,2.321111,834.0908
23,CE 1991,Mount Unzen pyroclastic flow,Japan,Simabara,32.761389,130.298889,1281.8123
24,CE 1773,Boston Tea Party,United States,Boston,42.3536,-71.0524,806.9204
25,CE 1274,Battle of Bun-ei,Japan,Hakata,33.618,130.333,404.457
26,CE 622,Hijrah,Saudi Arabia,Medina,24.466667,39.6,151.7104
27,CE 2000,26th G8 summit,Japan,Okinawa,26.3234,127.5601,1319.6009
28,CE 1969,Apollo 11 is launched,United States,Florida,28.524058,-80.65085,1202.7376
29,CE 1868,Battle of Hakodate,Japan,Hakodate,41.7969,140.756961,955.898
30,CE 1707,Ho-ei eruption,Japan,Mount Fuji,35.358,138.731,727.0841
31,CE 1006,SN1006 was Observed,Japan,Kyoto,35.0252,135.7622,282.2381
32,CE 2010,Hayabusa Landed on Earth,Australia,Woomera,-30,134,1364.6475
33,CE 2005,Hayabusa Landed on Itokawa,Solar System,Asteroid,90,0,1343.2835
34,CE 1964,Games of the 18th Olympiad,Japan,Tokyo,35.678056,139.714722,1187.2739
35,CE 1054,SN1054 was Observed,Japan,Kyoto,35.0252,135.7622,301.7842
36,CE 2003,Hayabusa is Launched,Japan,Kagoshima,31.2511111,131.076111,1331.8819
37,CE 1974,Mungo Man is found,Australia,Willandra Lakes Region,-33.75,143.0833,1218.2481
38,CE 1869,Suez Canal opened,Egypt,Port Said,31.2616,32.295,957.681
39,CE 2020,the lockdown for covid19,France,(whole),48.870278,2.316389,1414.1781
40,CE 1989,Fall of the Berlin Wall,Germany,Berlin,52.504444,13.441111,1275.6404
41,CE 1997,Kyoto Protocol for COP3,Japan,Kyoto,35.0611,135.7833,1308.4629
42,CE 1919,Treaty of Versailles,France,Versailles,48.804404,2.123162,1062.6292
43,CE 1851,Taiping Rebellion,China,Nanjing,32.0608,118.7789,923.6311
44,CE 794,Relocation to Heiankyo,Japan,Kyoto,35.0252,135.7622,205.5403
45,CE 1981,Francois Mitterrand as the 21st President,France,(whole),48.870278,2.316389,1243.1493
46,CE 2003,Human Genome Project was declared complete,United States,(whole),38.895111,-77.036667,1331.5782
47,CE 2013,Quelle2013 niconico-live from the hydrothermal vents,North Atlantic Ocean,Caribbean Sea,18.4,-81.8,1379.4024
48,CE 1181,SN1181 is Observed,Japan,Kyoto,35.0252,135.7622,358.0162
49,CE 1230,Teika Fujiwara describes three supernovas,Japan,Kyoto,35.0252,135.7622,381.9669
50,CE 1600,Battle of Sekigahara,Japan,Sekigahara,35.3705,136.4616,622.3828
51,CE 2023,2023 Six Nations Championship Round 2 (Ir32-19F),Ireland,Dublin,53.335139,-6.228333,1430.0637
52,CE 2023,Rugby World Cup 2023 opens,France,Saint-Denis,48.9244,2.36,1433.275
53,CE 1526,Mughal Empire begins,India,Delhi,28.61,77.23,562.0843
54,CE 869,Jogan Erthquake,North Pacific Ocean,off the coast of Sanriku,38.5,143.8,231.0932
55,CE 901,Nihon Sandai Jitsuroku describes Jogan Earthquake,Japan,Kyoto,35.0252,135.7622,242.308
56,CE 1453,Fall of Constantinople,Turkey,Istanbul,41.0167,28.9769,510.2205
57,CE 1477,Uppsala University Founded,Sweden,Uppsala,59.8565,17.628889,526.2773
58,CE 1226,Lübeck becomes a Free Imperial City,Germany,Lübeck,53.869722,10.686389,379.4702
59,CE 2023,2023 Six Nations Championship Round 1 (W10-34Ir),United Kingdom,Cardiff,51,-3.1825,1429.9571
60,CE 2023,2023 Six Nations Campionship Round 1 (E23-29S),United Kingdom,London,51.449,-0.337,1429.9571
61,CE 2023,2023 Six Nations Championship Round 1 (It24-29F),Italy,Rome,41.933889,12.454722,1429.9723
62,CE 2023,2023 Six Nations Championship Round 2 (S35-7W),United Kingdom,Edinburgh,55.953333,-3.189267,1430.0637
63,CE 2023,2023 Six Nations Campionship Round 2 (E31-14It),United Kingdom,London,51.507222,-0.1275,1430.079
64,CE 1911,Amundsen Corps reaches the South Pole,Antarctica,the South Pole,-90,0,1044.9567
65,BCE 2600,Moenjodaro is established,Pakistan,Sindh,27.3248,68.1388,-350.6792
66,CE 1922,Moenjodaro is escavated,Pakistan,Sindh,27.3248,68.1388,1068.4671
67,BCE 2950,Harappa is established,Pakistan,Punjab,30.6322,72.8758,-381.8657
68,CE 1921,Harappa is escavated,Pakistan,Punjab,30.6322,72.8758,1066.0487
69,BCE 6000,Agriculture and livestock at Mehrgarh,Pakistan,Balochistan,29.61,67.5775,-587.0243
70,CE 1974,Lowest level of the Mehergarh site carbon dated to 7000 B.C,Pakistan,Balochistan,29.61,67.5775,1217.435
71,BCE 3520,City Dwarka,India,Arabian Sea,22.23,68.97,-428.3012
72,CE 1981,The Underwater Ruins of Dwarka is escavated,Indian Ocean,Arabian Sea,22.23,68.97,1242.0411
73,207.0M years ago,Rochechouart impact structure,France,Rochechouart Crater,45.81667,0.78333,-4994.4558
74,CE 1961,Vostok-1 is launched,Kazakhstan,Baikonur,45.965,63.305,1176.2732
75,CE 1961,Yuri Gagarin safely landing,Russia,Saratov Oblast,51.7833,46.7333,1176.2732
76,42.0K years ago,Mungo Man is buried,Australia,Lake Mungo,-33.75,143.0833,-1322.9303
77,CE 1957,Showa Station Landing Ceremony,Antarctica,Ongul Island,-69.0069,39.5837,1163.3955
78,CE 1488,Europeans arrive the southernmost part of Africa,South Africa,Cape of Good Hope,-34.358,18.4755,534.1998
79,CE 1991,Apartheid legislation is repealed,South Africa,(whole),-30,25,1281.9639
80,CE 70,Mount Popocatepetl erupts,Mexico,Mount Popocatepetl,19.0233,-98.6222,13.7915
81,BCE 800,the circular pyramid at Cuicuilco,Mexico,Lake Texcoco,19.3016,-99.1816,-141.0415
82,BCE 1500,Nok culture,Nigeria,Nok,9.5,8.0166,-234.9144
83,CE 800,Senegambian stone circles,Gambia,Senegambia,13.6911,-15.5225,207.2143
84,CE 800,Senegambian stone circles,Senegal,Senegambia,13.6911,-15.5225,207.2143
85,214.0M years ago,Manicouagan crater,Canada,Quebec,51.3833,-68.7,-5008.8991
86,66.1M years ago,Chicxulub crater,Mexico,Yucatan,21.3333,-89.5,-4498.6963
87,35.7M years ago,Popigai crater,Russia,Siberia,71.65,111.1833,-4231.1749
88,600.0M years ago,Beaverhead crater,United States,Idaho,44.25,-114,-5456.6339
89,2023.0M years ago,Vredefort crater,South Africa,Free State,-27,27.3,-5984.4774
90,1849.0M years ago,Sudbury crater,Canada,Ontario,46.6,-81.1833,-5945.4185
91,580.0M years ago,Acraman crater,Australia,South Australia,-32.0166,135.45,-5441.9107
92,146.1M years ago,Morokweng crater,South Africa,Kalahari Desert,-26.4666,25.5333,-4843.1375
93,70.3M years ago,Kara crater,Russia,Nenetsia,69.1,64.15,-4525.4494
94,120.0M years ago,Tookoonooka crater,Australia,Queensland,-21.1166,142.8333,-4757.6699
95,25.0M years ago,Karakul crater,Tajikistan,Pamir Mountains,39.0166,73.45,-4076.4576
96,50.5M years ago,Montagnais crater,Canada,Nova Scotia,42.8833,-64.2166,-4381.7905
97,244.4M years ago,Araguainha crater,Brazil,Central Brazil,-16.7833,-52.9833,-5066.586
98,35.0M years ago,Chesapeake Bay crater,United States,Virginia,37.2833,-76.0166,-4222.5752
99,342.0M years ago,Charlevoix crater,Canada,Quebec,47.5333,-70.3,-5212.5099
100,377.0M years ago,Siljan Ring,Sweden,Dalarna,61.0333,14.8666,-5254.8249
101,142.0M years ago,Mjølnir crater,Norway,Barents Sea,73.8,29.6666,-4830.7759
102,196.0M years ago,Puchezh-Katunki crater,Russia,Nizhny Novgorod Oblast,56.9666,43.7166,-4970.7418
103,CE 1879,-23.9˚C in Paris and the Seine river froze over,France,Paris,48.8547,2.3458,977.0166
104,CE 2023,SLIM（Smart Lander for Investigating Moon）is launched,Japan,Kagoshima,31.2511,131.0761,1433.2596
105,CE 1951,Barda Balka site is escavated,Iraq,Shamshamal,35.5333,44.8333,1145.1864
106,CE 2024,SLIM（Smart Lander for Investigating Moon）Moon Landing,Solar System,Moon,90,0,1435.3365
107,CE 2024,Noto Peninsula Earthquake,Japan,Noto Peninsula,37.4363,137.2604,1435.0436
108,CE 1910,1910 Great Flood of Paris,France,Paris,48.8547,2.3458,1040.616
109,CE 1942,Bombing of Darwin,Australia,Darwin,-12.45,130.8333,1120.4914
110,CE 1513,Panama Isthmus crossing,Panama,Gulf of Panama,8.666667,-80,552.6848
111,CE 1880,Panama Canal construction begins by France,Panama,(whole),8.666667,-80,977.132
112,CE 1903,Hay-Bunau-Varilla Treaty,United States,Washington D.C.,38.9047,-77.0163,1026.7938
113,CE 2021,Restoration of Islamic Emirate of Afganistan,Afghanistan,Kabul,31.5167,69.1833,1421.8389
114,CE 1912,Proclamation of independence from the Ottoman Empire,Albania,Tirana,41,20,1047.1528
115,CE 1962,Independence of People's Democratic Republic of Algeria,Algeria,Algiers,28,2,1180.112
116,CE 1993,Constitution enacted,Andorra,Andorra la Vella,42.55,1.5833,1288.4579
117,CE 2010,Constitution enacted,Angola,Luanda,-12.5,18.5,1362.7514
118,CE 1981,Independence from UK,Antigua and Barbuda,St. John's,17.05,-61.8,1245.3741
119,CE 2023,Declines the offer to join BRICS,Argentina,Buenos Aires,-34.6,-58.3833,1434.7201
120,CE 1988,Big Earthquake,Armenia,Spitak,40.99,44.19,1272.0573
121,CE 1756,Birth of Mozart,Austria,Salzburg,47.8,13.045,783.7927
122,CE 1991,Declaration of Independence,Azerbaijan,Baku,40.3795,49.8912,1282.7663
123,CE 1973,Independece from the United Kingdom,Bahamas,Nassau,25.078,-77.3386,1216.1018
124,CE 1971,Independence from United Kingdom,Bahrain,Manama,26.2167,50.5833,1209.6708
125,CE 1971,Declaration of Independence from Pakistan,Bangladesh,Dhaka,23.7639,90.3889,1208.3704
126,CE 1966,Independence from the United Kingdom,Barbados,Bridgetown,13.0978,-59.6183,1194.1397
127,CE 1990,Declaration of Independence form Soviet Union,Belarus,Minsk,53.9,27.5667,1278.4467
128,CE 1981,Independence from the United Kingdom,Belize,Belmopan,17.2514,-88.7669,1244.966
129,CE 2024,Shohei Otani makes his debut with the Dodgers,South Korea,Seoul,37.4982,126.8673,1436.2782
130,CE 2024,Koichi Wakata retires from JAXA,Japan,Tokyo,35.6996,139.765,1436.4173
131,CE 2014,K.Wakata becomes the Commander of the ISS,Solar System,ISS,0,0,1382.9828
132,CE 1960,Independence from France,Benin,Porto-Novo,6.4972,2.605,1174.1129
133,CE 1907,the first King of Bhutan,Bhutan,Thimphu,24.4667,89.6417,1035.8817
134,CE 2006,the 65th President of Bolivia,Bolivia,La Paz,-16.5002,-65.1656,1344.0702
135,CE 1377,Establishment of the Kingdom of Bosnia,Bosnia and Herzegovina,,44.1369,18.2378,462.274
136,200k years ago,appearance of Homo Sapiens,Botswana,Makgadikgade-Okavango,-20.7167,24.9506,-1984.0497
137,CE 1984,Indipendence from the United Kingdom,Brunei,Bandar Seri Begawan,4.8092,114.9422,1253.3432
138,CE 681,First Bulgarian Empire,Bulgaria,Pliska,43.387,27.132,169.2055
139,CE 1960,Independence from France,Burkina Faso,Ouagadougou,12.3686,-1.5275,1174.1467
140,CE 1486,Virgin of the Rocks,Italy,Milano,45.4669,9.19,532.5859
141,CE 1789,1st President of the US,United States,New York,40.7072,-74.0102,827.8286
142,CE 1804,I.Kant dies,Germany,Königsberg,54.7114,20.5093,848.9343
143,CE 1905,Annus mirabilis,Switzerland,Bern,46.9476,7.45,1029.0813
144,CE 1616,W.Shakespeare dies,United Kingdom,Stratford-upon-Avon,52.1928,-1.7064,636.0586
145,CE 2007,The iPhone is unveiled,United States,San Francisco,37.7667,-22.4333,1348.5047
146,CE 1985,Studio Ghibli is founded,Japan,Koganei,35.6995,139.503,1258.7829
147,CE 2010,N.Yamazaki arrives at the ISS,Solar System,ISS,0,0,1363.7704
148,CE 1786,The first performance of The Marriage of Figaro,Austria,Wien,48.2103,16.3594,823.6719
149,CE 1962,Independence from Belgium,Burundi,Gitega,3.4333,29.9,1180.0777
150,CE 1975,Independece from Portugal,Cabo Verde,Praia,14.918,-23.509,1222.9225
151,CE 802,Jayavarman II becomes King,Cambodia,Phnom Kulen,13.6128,104.1125,207.8824
152,CE 1960,Independence from France,Cameroon,Yaounde,3.8748,11.5165,1172.3082
153,CE 1960,Independence from France,Central African,Bangui,4.3635,18.5836,1174.2144
154,CE 1960,Independence from France,Chad,N'Djamena,12.1052,15.0448,1174.1974
155,CE 1975,Independence from France,Comoros,Moroni,-11.6759,43.2621,1222.9319
156,CE 1960,Independence from France,Congo-Republic of the,Brazzaville,-4.2789,15.2784,1174.2313
157,CE 1960,Independence from  Belgium,Congo-DR,Kinshasa,4.3061,15.3085,1173.8426
158,CE 1965,Self-governance in New Zealand,Cook Islands,Avarua,-21.2078,-159.7788,1189.8862
159,CE 1850,University of Utah is setablished,United States,Salt Lake City,40.7642,-111.8465,922.1242
160,CE 1850,American Express is Founded,United States,City of Buffalo,42.8864,-78.8781,922.2236
161,CE 1996,Video Game Pokémon launched,Japan,Tokyo,35.6896,139.6921,1302.3118
162,CE 416,the earliest record of Earthquakes in Japan,Japan,Asuka-mura,34.4713,135.8207,94.8979
163,CE 553,Mount Aso volcanic eruption,Japan,Mount Aso,32.8842,131.1039,131.725
164,CE 599,Suiko Earthquake M7,Japan,Nara,34.6853,135.8329,144.8253
165,CE 630,Mount Yake eruption,Japan,Mount Yake,36.227,137.587,153.882
166,CE 679,M7 Earthquake,Japan,Fykuoka,33.6061,130.4181,168.5943
167,CE 684,Hakuhou Earthquake M8,Japan,Toukai,32.8,134.3,170.4263
168,CE 1608,Quebec City founded,Canada,Quebec,46.8139,-71.2081,629.1199
169,CE 1502,C.Columbus arrives Panama,Costa Rica,Limón,9.9925,-83.0333,544.6114
170,CE 925,Kingdom of Croatia founded,Croatia,Zagreb,45.801,15.9769,251.0813
171,CE 1527,Joined Habssburg Monarchy,Croatia,Zagreb,45.801,15.9769,562.6091
172,CE 1918,Secession from Austria-Hungary,Croatia,Zagreb,45.801,15.9769,1061.0435
173,CE 1918,Creation of Yugoslavia,Croatia,Zagreb,45.801,15.9769,1061.278
174,CE 1991,Declaration of independence,Croatia,Zagreb,45.801,15.9769,1282.0506
175,CE 1992,Admitted to the United Nations,Croatia,Zagreb,45.801,15.9769,1285.6629
176,CE 2009,Joined NATO,Croatia,Zagreb,45.801,15.9769,1358.9322
177,CE 2013,Joined the European Union,Croatia,Zagreb,45.801,15.9769,1379.5244
178,CE 1812,Slaves rebellion,Cuba,Havana,23.1423,-82.3559,860.9168
179,CE 1868,Declaration of Independence,Cuba,Havana,23.1424,-82.3559,955.6168
180,CE 1895,War of Independence,Cuba,,23.1424,-82.3559,1008.3204
181,CE 1898,Handed over to the United States from Spain,Cuba,Havana,23.1424,-82.3559,1016.0501
182,CE 1902,Independence from United States,Cuba,Havana,23.1424,-82.3559,1023.5134
183,CE 1953,Cuban Revolution starts,Cuba,,23.1424,-82.3559,1152.9361
184,CE 1960,Independence from UK,Cyprus,Nicosia,35.1734,33.3659,1174.6287
185,CE 1993,Establishment of the Czech Republic,Czech Republic,Prague,50.0833,14.4667,1288.1061
186,CE 1913,Statue of The Little Mermaid at Langeline is opened,Denmark,Copenhagen,55.6929,12.5993,1048.8595
187,CE 1977,Djibouti gains independece from France,Djibouti,Ville de Djibouti,11.588,43.145,1229.8231
188,CE 1492,C.Columbus arrives and builds La Navidad,Haiti,Caracol,19.6928,-72.018,537.5665
189,CE 1978,Dominica gains indepedence from UK,Dominica,Roseau,15.3014,-61.3883,1234.5953
190,CE 1990,Ciudad Colonial -World Heritige Site,Dominican Republic,Santo Domingo,18.4833,-69.9157,1275.8754
191,CE 1975,East Timor gains independence from Portugal,East Timor,Dili,-8.5536,125.5783,1224.2958
192,CE 2002,East Timor gains indepedence from Indonesia,East Timor,Dili,-8.55,125.56,1327.5891
193,CE 1463,Inca Empire aquires Quito,Ecuador,Quito,-0.2167,-78.5167,516.6424
194,CE 1821,El Salvador gains independece from Spain,El Salvador,San Salvador,13.6989,-89.1913,875.2008
195,CE 1945,Imperial Rescript of Ends of War,Japan,Tokyo,35.6896,139.6921,1130.1397
196,CE 1945,The battleship YAMATO sank,Japan,East China Sea,30.7214,128.0667,1129.148
197,BCE 8400,Nevalı Çori,Turkey,Şanlıurfa Province,37.5183,38.6056,-699.7152
198,CE 1783,Mount Asama Eruption (Tenmei),Japan,Mount Asama,36.4064,138.5231,819.9097
199,CE 1953,First ascent of Everest,Nepal,Mount Everest,27.9881,86.9253,1152.4695
200,CE 1968,Equatorial Guinea declares independence from Spain,Equatorial Guinea,Malabo,3.7554,8.7832,1200.2354
201,CE 1657,Great Fire of Meireki,Japan,Tokyo,35.6896,139.6921,674.3043
202,CE 1457,HirayamaJo is built,Japan,Tokyo,35.6896,139.6921,512.5778
203,CE 1590,Tokugawa Ieyasu moves to Edo Castle,Japan,Tokyo,35.6896,139.6921,613.0284
204,CE 1991,Eritrea gains independence from Ethiopia,Eritrea,Asmara,15.3363,38.942,1281.704
205,CE 1991,Estonia's independence from the Soviet Union is approved,Estonia,Tallinn,59.437,24.7452,1282.8314
206,234M years ago,the Carnian Pluvial Epsode,Solar System,Earth,90,0,-5047.7008
207,CE 1853,Perry Expedition,Japan,Uraga,35.2475,139.714,927.8143
208,CE 1929,Lateran Treaty,Vatican City,,41.9033,12.45333,1086.2803
209,BCE 2112,Third Dynasty of Ur,Iraq,Ur,30.9617,46.1051,-303.0813
210,BCE 1792,Empire of Hammurabi,Iraq,Babylon,32.5425,44.4211,-268.7749
211,BCE 605,Nebuchadnezzar II,Iraq,Babylon,32.5425,44.4211,-110.8225
212,BCE 858,Shalmaneser III,Iraq,Assur,35.4567,43.2625,-149.6385
213,BCE 612,Battle of Nineveh,Iraq,Mosul,33.3351,44.4048,-111.9444
214,BCE 539,Battle of Opis,Iraq,Baghdad,33.3351,44.4048,-100.0989
215,CE 1949,Human Born is found at Barda Balka,Iraq,Shamshamal,35.5333,44.8333,1139.4412
216,120.0K years ago,Barda Balka Mankind,Iraq,Shamshamal,35.5333,44.8333,-1765.2006
217,CE 1951,Shanidar Cave is found,Iraq,Shanidar Cave,36.8006,44.2433,1145.1904
218,60.0K years ago,Neanderthal in Shanidar Cave,Iraq,Shanidar Cave,36.8006,44.2433,-1471.5803
219,CE 1960,the Flower Burial in Shanidar 4 is found,Iraq,Shanidar Cave,36.8006,44.2433,1172.0474
220,12.0K years ago,the Flower Burial in Shanidar 4,Iraq,Shanidar Cave,36.8006,44.2433,-827.7336
221,CE 2024,Announced the completion of the world's first wooden satellite,Japan,Kyoto,35.0261,135.7808,1437.3459
222,CE 1977,VoyagerI is launched,United States,Florida,28.4889,-80.5778,1230.4866
223,CE 1979,Voyger I makes closest approach to Jupiter,Solar System,Jupiter,0,0,1235.8015
224,CE 1980,VoyagerI makes closest approach to Saturn,Solar System,Saturn,0,0,1241.8534
225,CE 2012,Voyager I leaves the heliosphere,Solar System,Heliosphere,0,0,1375.3271
226,CE 1977,Voyager II is launched,United States,Florida,28.4889,-80.5778,1230.3422
227,CE 1979,Voyger II makes closest approach to Jupiter,Solar System,Jupiter,0,0,1237.0305
228,CE 1981,Voyger II makes closest approach to Saturn,Solar System,Saturn,0,0,1244.7074
229,CE 1986,Voyger II makes closest approach to Uranus,Solar System,Uranus,0,0,1261.0688
230,CE 1989,Voyger II makes closest approach to Neptune,Solar System,Neptune,0,0,1274.8404
231,CE 2018,Voyager II leaves the heliosphere,Solar System,Heliosphere,0,0,1406.8955
232,CE 1993,Comet Shoemaker-Levy 9 is found,Solar System,Jupiter,0,0,1289.0301
233,CE 1997,Cassini-Huygens is launched,United States,Florida,28.4889,-80.5778,1307.807
234,CE 1662,Kanbun Ohmi-Wakasa Earthquake,Japan,Biwa-ko,35.2,135.95,679.5114
235,CE 2024,Flutter Ninjas is held,Japan,Tokyo,35.6896,139.6921,1437.5939
236,CE 1799,Rosetta Stone is found,Egypt,Rosetta,31.4,30.4167,842.2906
237,CE 2003,Rosetta Stone return request,Egypt,Cairo,30.0333,31.2333,1332.5143
238,CE 1885,First Supernova Observation Outside the Milky Way,Universe,SN1885A,90,0,988.336
239,CE 1987,Supernova in the Large Magellanic Cloud Observed with the naked eye,Universe,SN1987A,90,0,1265.1765
240,CE 1998,Cassini–Huygens first swing-by at Venus,Universe,Venus,90,0,1310.0432
241,CE 2019,Emperor Reiwa assumed the throne,Japan,,35.6896,139.6921,1409.4886
242,CE 2018,Alexander the Great Marble Statue Excavated,Egypt,Alexandria,31.198,29.9192,1404.2172
243,CE 2024,Windows Blue Screen of Death,Japan,,35.6896,139.6921,1438.1523
244,2.8B years ago,Geomagnetism and Van Allen Belt Occurrence,Solar System,Earth,90,0,-6125.6394
245,CE 1958,Van Allen Radiation Belt is found,Solar System,Earth,90,0,1165.934
246,CE 1958,the first American stellite Explorer 1 is launched,United States,Florida,28.3883,-80.6036,1166.4402
247,CE 1958,Explorer 3 is launched,United States,Florida,28.3883,-80.6036,1166.9054
248,CE 1990,Hubble Space Telescope is launched,United States,Florida,28.6083,-80.6043,1277.4378
249,CE 1993,Hubble Space Telescope Service Mission 1,Solar System,Hubble Space Telescope,90,0,1291.8026
250,CE 1995,Hubble Deep Field observation starts,Solar System,Hubble Space Telescope,90,0,1300.194
251,CE 1493,Second sailing of C.Columbus,Spain,Cádiz,36.535,-6.2975,538.1406
252,CE 1492,C.Columbus sailed for India,Spain,Palos de la Frontera,37.2283,-6.8944,537.3246
253,CE 1492,Santa María is stricken,North Atlantic Ocean,off the coast of Cap Haitien,19.76,-72.2,537.6036
254,BCE 1200,Cape Gelldonya Shipwreck,Turkey,Mediterranean Sea,36.1933,30.4031,-197.1378
255,CE 1960,Excavation of the Cape Gelidonya Shipwreck Begins,Turkey,Mediterranean Sea,36.1933,30.4031,1172.0474
256,BCE 70,Antikythera Shipwreck,Greece,Aegean Sea,35.861,23.301,-15.1579
257,CE 1900,Antikythera Shipwreck is found,Greece,Aegean Sea,35.861,23.301,1018.1458
258,CE 1901,Salvage operation of Antikythera Wreck begins,Greece,Aegean Sea,35.861,23.301,1022.3023
259,CE 1606,Nossa Senhora dos Mártires sank (Pepper-Wreck),Portugal,Lisbon,38.6606,-9.2989,627.5326
260,CE 2024,Perseverance collects Cheyava Falls,Solar System,Mars,90,0,1438.1833
261,CE 2004,Cassini Enters Orbit Around Saturn,Solar System,Saturn,90,0,1337.0039
262,CE 2013,The Day the Earth Smiles,Solar System,Saturn,90,0,1379.7686
263,CE 2004,Cassini Discovers Saturn's Moons Methone and Pallene,Solar System,Saturn,90,0,1337.5638
264,CE 2004,Cassini Deploys Huygens Towards Titan,Solar System,Saturn,90,0,1339.1735
265,CE 2005,Huygens Lands on Titan,Solar System,Titan,90,0,1339.4208
266,CE 1846,Neptune is found,Solar System,Neptune,90,0,916.223
267,CE 1846,J.G.Galle discovers Neptune with using a telescope,Germany,Berlin,52.5164,13.3775,916.223
268,CE 2012,Curiosity soft landing on Mars,Solar System,Mars,90,0,1375.072
269,CE 2024,Publication in the PNAS reports the discovery of liquid water 10 km beneath Mars' surface,World Wide,(whole),0,0,1438.525
270,CE 2015,Paper about "Carnufex carolinensis" published,World Wide,(whole),0,0,1388.1257
271,230M years ago,Carnufex carolinensis,United States,North Calrolina,35.8189,-78.6447,-5040.2129
272,CE 2012,Nature Research Center (City of Raleigh) opened,United States,North Calrolina,35.8189,-78.6447,1371.7291
273,CE 1953,North Sea Flood of 1953,North Atlantic Ocean,North Sea,56.3,3,1151.5058
274,CE 1924,Taung Child is found,South Africa,Taung,-27.5625,24.7481,1075.5952
275,284M years ago,Eudibamus Cursoris,Germany,Tambach-Dietharz,50.7897,10.6167,-5131.8026
276,CE 641,Islamic Conquest of Alexandria,Egypt,Alexandria,31.2156,29.9553,157.414
277,CE 762,Abbasid Caliphate Begins Construction of Baghdad,Iraq,Baghdad,33.3152,44.3661,194.7118
278,CE 805,Harun al-Rashid Builds Bimaristan,Iraq,Baghdad,33.3152,44.3661,208.8864
279,CE 969,Fatimid Caliphate Conquers Egypt and Builds Cairo,Egypt,Cairo,30.0444,31.2357,267.641
280,CE 987,Ibn al-Nadim compiles "Kitab al-Fihrist",Iraq,Baghdad,33.3152,44.3661,274.6018
281,CE 1258,"Bayt al-Hikma" is dissolved,Iraq,Baghdad,33.3152,44.3661,395.7533
282,CE 1259,The Maragheh Observatory is built,Iran,Maragheh,37.3981,46.2092,396.1645
283,CE 980,"Cordoba Calendar" is created,Spain,Córdoba,37.8847,-4.7789,271.8815
284,CE 987,"Tabaqat al-Atibba' wa-l-Hukama" is written,Spain,Córdoba,37.8847,-4.7789,274.6018
285,CE 1068,"Kitab Tabaqat al-Umam" is written,Spain,Toledo,39.8567,-4.0244,307.3841
286,CE 1490,"Vitruvian Man" is drawn,Italy,Milano,45.4624,9.19,535.4194
287,CE 1526,Construction of Casa de Colon&Huerta de Colon begins,Spain,Sevilla,37.3772,-5.9869,561.915
288,BCE 1629,Abi-Eshuh causes a flood on the Tigris to weaken Isin,Iraq,Babylon,32.5422,44.4214,-250.1998
289,BCE 650,Enûma Eliš inscribed on clay tablets,Iraq,Nineveh,36.3594,43.1528,-117.985
290,CE 2024,Nga Wai Hono I Te Po Paki elected as new Māori Queen,New Zealand,Ngāruawāhia,-37.6667,175.15,1438.8824
291,CE 1783,Lakagigar éruption,Iceland,,64.1462,-21.9424,819.693
292,CE 2010,Eyjafjallajökull éruption,Iceland,,64.1462,-21.9424,1363.7573
293,BCE 650,"Atra-Hasis Epic" inscribes on clay tablets,Iraq,Nineveh,36.3594,43.1528,-117.985
294,CE 1849,Library of Ashurbanipal is found,Iraq,Nineveh,36.3594,45.1528,919.9771
295,CE 1972,Discovery of the TAG Hydrothermal Field,North Atlantic Ocean,Mid-Atlantic Ridge,26.08,-44.49,1210.6533
296,CE 1977,Discovery and documentation of a community of living GiantWhiteClams and,North Pacific Ocean,Galapagos Rift,0.8,-86.0833,1228.5329
297,CE 1985,Discovery of the Rosebery Hydrothermal Field,Indian Ocean,,-21.1333,73.5,1256.7542
298,CE 2000,Discovery of the Lost-City Hydrothermal Field,North Atlantic Ocean,Mid-Atlantic Ridge,30.0111,-42.1333,1316.8452
299,CE 1987,Discovery of the Marina Hydrothermal Field,North Pacific Ocean,Mariana Trough,12.95,143.6167,1264.3019
300,CE 1912,Titanic Departure,United Kingdom,Southampton,50.8998,-1.4044,1045.698
301,CE 1912,Titanic Sinking,North Atlantic Ocean,,41.7325,-49.9469,1045.7294
302,CE 1985,Titanic Discovery,North Atlantic Ocean,,41.7325,-49.9469,1259.5744
303,CE 2024,Voyager 1 successfully switches thrusters critical for attitude control,Milky Way,,0,0,1438.9602
304,CE 1820,Launch of HMS Beagle,United Kingdom,London,51.4927,0.0596,873.3746
305,CE 1845,HMS Beagle decommissioned,United Kingdom,,51.5917,0.8075,913.1399
306,CE 1831,Departure of the Second Voyage of HMS Beagle,United Kingdom,Plymouth,50.3641,-4.1216,891.6652
307,CE 1832,Beagle calls Cape Verde Islands,Cabo Verde,Praia,14.933,-23.5133,891.8372
308,CE 2024,Mass production of metal nanowires,Japan,Nagoya,35.1525,136.9686,1438.4628
310,CE 2024,"SHOGUN” won 18 Emmy Awards,United States,Los Angeles,34.05,-118.25,1439.0379
311,BCE 2300,Enheduanna becomes the High Priestess of the Nanna Temple,Iraq,Ur,30.9639,46.1038,-322.0408
312,CE 2024,The Juno spacecraft discovers a new giant volcano on Io from an altitude of 2530 km,Solar System,Io,90,0,1435.5525
313,CE 415,Hypatia is killed by a mob due to religious conflict,Egypt,Alexandria,31.198,29.9192,94.7043
314,CE 2024,Research on the Porphyrion black hole jet is publushed,Solar System,Earth,90,0,1439.0846
315,CE 2020,he sample capsule from Hayabusa2 successfully lands on Earth,Australia,Woomera,-30,134,1418.0731
316,CE 2010,IKAROS launched,Japan,Kagoshima,30.4,130.97,1364.3462
317,CE 2014,Hayabusa 2 launched,Japan,Kagoshima,30.4,130.97,1386.6481
318,CE 2024,2024PT5 found,Solar System,2024PT5,90,0,1438.4473
319,CE 2024,Annular Solar Eclipse on Easter Island,Chile,Easter Island,-27.1167,-109.3667,1439.318
320,CE 1492,C.Columbus arrives Guanahani,Bahamas,San Salvador Island,24.0595,-74.4722,537.4612
321,CE 1492,C.Columbus arrives Cuba,Cuba,Bariay,21.0867,-75.7435,537.4924
322,CE 1492,C.Columbus arrives Hispaniola,Haiti,,19,-70.0667,537.5665
323,CE 1493,C.columbus leaves West Indies,Dominican Republic,La Isabela,19.8898,-71.0767,537.6466
324,CE 1492,C.Columbus calls La Gomera,Spain,La Gomera,28.0915,-17.1114,537.3412
325,CE 1492,C.Columbus leaves La Gomera,Spain,La Gomera,28.0915,-17.1114,537.389
326,CE 1493,C.Columbus calls Santa Maria Island,Portugal,Santa Maria Island,36.9667,-25.1167,537.709
327,CE 1832,Beagle leaves Cape Verde Islands,Cabo Verde,Praia,14.933,-23.5133,891.8681
328,CE 1832,Beagle calls Salvador,Brazil,Bahia,-12.9714,-38.5014,892.0314
329,CE 1832,Beagle leaves Salvador,Brazil,Bahia,-12.9714,-38.5014,892.1153
330,CE 1832,Beagle calls Good Success Bay,Argentina,Tierra del Fuego,-54.7833,-68.3,893.2823
331,CE 1833,Beagle leaves Good Success Bay,Argentina,Tierra del Fuego,-54.7833,-68.3,893.486
332,CE 1833,Beagle calls Port Louis,United Kingdom,Falkland Islands,-51.6833,-57.85,893.6587
333,CE 1833,Beagle leaves Port Louis,United Kingdom,Falkland Islands,-51.6833,-57.85,893.6897
334,CE 1835,Beagle calls James Island,Ecuador,Galápagos Islands,-0.2167,-90.72,897.7942
335,4B years ago,the Sea is born,Solar System,Earth,0,0,-6280.5413
336,CE 1835,Beagle leaves James Island,Ecuador,Galápagos Islands,-0.2167,-90.72,897.9552
337,CE 1835,Beagle calls Matavai Bay,France,Tahiti,-17.5333,-149.5667,898.0671
338,CE 1835,Beagle leaves Matavai Bay,France,Tahiti,-17.5333,-149.5667,898.2417
339,CE 1836,Beagle leaves Bay of Islands,New Zealand,Bay of Islands,-35.2269,174.1227,898.4074
340,CE 1836,Beagle calls Sydney,Australia,Sydney,-33.8688,151.2093,898.3268
341,CE 1831,Beagle leaves Devonport,United Kingdom,Plymouth,50.383,-4.183,891.7534
342,CE 1832,Beagle calls Tenerife,Spain,Canary Islands,28,-15.75,891.7931
343,CE 1832,Beagle passes by St.Paul Rocks,Brazil,St.Peter & St.Paul Rocks,0.9169,-29.3353,891.974
344,CE 1832,Beagle stops over Fernando de Noronha,Brazil,Fernando de Noronha,-3.8538,-32.4238,891.9917
345,CE 2024,Europa Clipper launched,United States,Florida,28.524,-80.6509,1439.5048
346,CE 2023,The C/2023 A3 comet was first discovered by the Purple Mountain Observatory,China,Zijinshan,32.00649,118.8297,1429.5612
347,CE 2023,the C/2023 A3 comet is rediscovered independently by the ATLAS telescope,South Africa,Cape Town,-33.9347,18.4776,1430.2313
348,CE 1832,Beagle calls Rio de Janeiro,Brazil,Rio de Janeiro,-22.9083,-43.1964,892.1903
349,CE 1832,Beagle leaves Rio de Janeiro,Brazil,Rio de Janeiro,-22.9083,-43.1964,892.5967
350,CE 1832,Beagle calls Montevideo,Uruguay,Montevideo,-34.8833,-56.1667,892.6895
351,40K years ago,Homo Sapience lives in Niah Cave,Malaysia,Niah Cave,3.8139,113.7814,-1302.7744
352,24K years ago,Tabon Man lives in Tabon Caves,Philippines,Quezon,9.2799,117.9814,-1095.1396
353,70K years ago,Homo lives Kota Tampan,Malaysia,Lenggong,5.1,100.9667,-1536.4229
354,1.3M years ago,Java Man lives in Sangiran,Indonesia,Sangiran,7.45,110.85,-2793.1258
355,14K years ago,Homo lives at Kow Swamp,Australia,Kow Swamp,-35.9536,144.3181,-885.3362
356,40K years ago,Homo lives at Huon,Papua New Guinea,Huon Peninsula,-6.3,147.2,-1302.7744
357,30K years ago,Homo lives Kosipe,Papua New Guinea,Kosipe,-8.35,147.27,-1185.0008
358,CE 2022,2022 Hunga Tonga–Hunga Haʻapai eruption and tsunami,Tonga,Hunga Tonga–Hunga Haʻapai,-20.5453,-175.3937,1424.1172
359,CE 2004,Rosetta Space Probe launched,France,Kourou,5.169,-52.6903,1335.5185
360,CE 2024,an X-class solar flare has occurred,Solar System,Sun,90,0,1436.9588
361,CE 2024,an X-class solar flare has occurred,Solar System,Sun,90,0,1436.9897
362,CE 2024,an X-class solar flare has occurred,Solar System,Sun,90,0,1437.0362
363,CE 1859,An X-class solar flare has occurred,Solar System,Sun,90,0,938.9065
364,CE 1856,The first X-class solar flare ever observed,United Kingdom,Redhill,51.2401,-0.1704,933.5411
365,CE 1770,the aurora was observed and depicted,Japan,Kyoto京都,35.0252,135.7622,802.6276
366,CE 1492,C.Columbus leaves La Gomera,Spain,La Gomera,28.0915,-27.1114,537.3636
367,CE 1492,C.Columbus passes Tenerife,Spain,Tenerife,28.3167,-16.5667,537.3656
368,CE 1492,C.Columbus arrives Gran Canaria,Spain,Gran Canaria,27.9667,-15.6,537.3675
369,CE 1492,C.Columbus leaves Gran Canaria,Spain,Gran Canaria,27.9667,-15.6,537.3793
370,CE 1492,C.columbus returns to La Gomera,Spain,La Gomera,28.0915,-27.1114,537.3812
371,CE 1492,C.Columbus passes El  Hierro,Spain,El Hierro,27.75,-18,537.3949
372,22K years ago,Minatogawa Man lives in Okinawa,Japan,Okinawa,26.1289,127.7591,-1060.5177
373,CE 1968,Monatogawa Man found,Japan,Okinawa,26.1289,127.7591,1197.7743
374,19K years ago,Holocene glacial retreat,World Wide,(whole),0,0,-1002.7859
375,115K years ago,Last Glacial Period,World Wide,(whole),0,0,-1747.042
376,CE 1833,Beagle leaves Maldonado,Uruguay,Maldonado,-34.9082,-54.9534,894.3016
377,CE 1833,Beagle arrives Rio Negro Estuary,Argentina,Rio Negro Estuary,-41.0506,-62.8279,894.346
378,CE 1832,Darwin visits Bahia Blanca,Argentina,Bahia Blanca,-38.7167,-62.2667,892.8752
379,CE 2009,Shinkai 6500 discovers and collects the white-scaled scaly-foot snail,Indian Ocean,Central Indian Ridge,-12,66,1361.6438
380,CE 1977,the World's First capture of a living GiantWhiteClam,South Pacific Ocean,Galapagos Rift,-0.794,-86.157,1228.5568
381,CE 420,Homo lives in Antsiranana,Madagascar,Antsiranana,-12.3,49.2833,95.93
382,CE 800,Austronesian language family expands to Madagascar,Madagascar,Nosy Mangabe,-15.4997,49.7625,207.2143
383,CE 1667,The Netherlands acquires Run Island,Indonesia,Run Island,-4.5419,129.6963,684.6147
384,CE 2010,"Monsoon: The Indian Ocean and the Future of American Power" is published,United States,New York,40.7128,-74.0061,1366.3282
385,CE 2011,Seafloor survey of the epicentral region of the 2011 Tohoku Earthquake,North Pacific Ocean,Japan Trench,38.1,143.9,1370.1734
386,CE 1832,Beagle leaves Bahia Blanca,Argentina,Bahia Blanca,-38.7167,-62.2667,893.0566
387,CE 1832,Beagle returns Montevideo,Uruguay,Montevideo,-34.8833,-56.1667,893.123
388,CE 1832,Beagle leaves Montevideo,Uruguay,Montevideo,-34.8833,-56.1667,893.2292
389,CE 1833,Beagle leaves Falkland Islands,United Kingdom,Falkland Islands,-51.6833,-57.85,893.8182
390,CE 1833,Beagle calls Puerto Deseado,Argentina,Puerto Deseado,-47.75,-65.9167,894.9765
391,CE 1834,Beagle leaves Puerto Deseado,Argentina,Puerto Deseado,-47.75,-65.9167,895.0254
392,CE 1834,Beagle calls Port St. Julian,Argentina,Puerto San Julian,-49.3,-67.7167,895.0477
393,CE 1834,Beagle leaves Port St. Julian,Argentina,Puerto San Julian,-49.3,-67.7167,895.0921
394,CE 1834,Beagle calls Isla de Chiloe,Chile,Isla de Chiloe,-42.6767,-73.9933,895.8128
395,CE 1834,Beagle leaves Isla de Chiloe,Chile,Isla de Chiloe,-42.6767,-73.9933,895.8796
396,CE 1834,Beagle revisits Isla de Chiloe,Chile,Isla de Chiloe,-42.6767,-73.9933,896.4589
397,CE 1835,Beagle leaves Isla de Chiloe,Chile,Isla de Chiloe,-42.6767,-73.9933,896.7934
398,CE 1834,Beagle calls Puerto Santa Cruz,Argentina,Puerto Santa Cruz,-50.0259,-68.5388,895.4745
399,CE 1834,Beagle leaves Puerto Santa Cruz,Argentina,Puerto Santa Cruz,-50.0259,-68.5388,895.6036
400,CE 1834,Beagle calls Valparaiso,Chile,Valparaiso,-33.05,-71.6167,895.9598
401,CE 1834,Beagle leaves Valparaiso,Chile,Valparaiso,-33.05,-71.6167,896.4098
402,CE 1835,Beagle revisits Valparaiso,Chile,Valparaiso,-33.05,-71.6167,896.8113
403,CE 1493,C.Columbus arrives Gran Canaria,Spain,Gran Canaria,27.9667,-15.6,538.1563
404,CE 1493,C.Columbus arrives La Gomera,Spain,La Gomera,28.0915,-27.1114,538.1621
405,CE 1493,C.Columbus leaves LaGomera,Spain,La Gomera,28.0915,-27.1114,538.166
406,CE 1493,C.Columbus finds Dominica Island,Dominica,,19.1493,-61.37,538.2169
407,CE 1493,C.Columbus lands Marie-Galante,France,Guadeloupe,15.9333,-61.2667,538.2169
408,CE 2012,NHK films Giant Squid Swimming,North Pacific Ocean,off the Ogasawara Islands,27.0942,142.1919,1374.5756
409,CE 1835,HMS Beagle leaves Valdivia,Chile,Valdivia,-39.8319,-73.2458,896.8738
410,CE 1835,HMS Beagle calls Concepcion,Chile,Concepcion,-36.8333,-73.05,896.9273
411,CE 1835,HMS Beagle leaves Concepcion,Chile,Concepcion,-36.8333,-73.05,896.9407
412,CE 1835,HMS Beagle calls Valparaiso,Chile,Valparaiso,-33.05,-71.6167,896.9586
413,CE 1947,Kon-Tiki Expedition starts,Peru,Callao,-12.67,-77.15,1134.9238
414,CE 1947,Kon-Tiki Raft strikes a reef,France,Raroia Atoll,-16.037,-142.422,1135.7044
415,CE 1876,Hōkūleʻa leaves Honolua Bay,United States,Honolua Bay,20.9967,-156.653,969.9856
416,CE 1976,Hōkūleʻa arrives Society Islands,France,Tahiti,-17.6333,-149.45,1226.1018
417,BCE 480,Battle of Salamis,Non-Oceanic Areas,Strait of Salamis,37.9333,23.5,-90.1477
418,BCE 2450,Battle of the Vultures,Iraq,Tello,31.5889,46.1758,-336.596
419,CE 1877,Stele of the Vultures is found,Iraq,Tello,31.5889,46.1758,971.112
420,CE 1571,Battle of Lepanto,Non-Oceanic Areas,Gulf of Corinth,38.2,22.5,597.8749
421,CE 1805,Battle of Trafalgar,North Atlantic Ocean,Strait of Gibraltar,36.1833,-6.0333,851.4154
422,CE 1987,Amoco Cadiz runs aground,North Atlantic Ocean,Portsall Rocks,48.5411,-4.6561,1265.4163
423,CE 1978,Amoco Cadiz sinks,North Atlantic Ocean,Portsall Rocks,48.5411,-4.6561,1232.4346
424,CE 2000,Kairei Vent Field is found,Indian Ocean,Central Indian Ridge,-25.3194,70.04,1319.719
425,CE 2001,Scaly-Foot is found,Indian Ocean,Central Indian Ridge,-25.3207,70.0405,1321.1631
426,CE 2000,search of the Iheya Field,North Pacific Ocean,Okinawa Trough,27.0397,127.9686,1318.9988
427,CE 2000,search of the Suiyo Seamount,North Pacific Ocean,off the Ogasawara Islands,28.6,140.6333,1320.7957
428,CE 2001,Search of Dai-Yon Yonaguni Knoll,North Pacific Ocean,Okinawa Trough,24.8489,122.7002,1322.969
429,CE 2001,Search of the Harima Knoll,North Pacific Ocean,Okinawa Trough,24.858,123.8415,1322.969
430,BCE 5700,Paddy Fields are created,China,Kuahuqiao,30.1441,120.2183,-570.6361
431,BCE 1922,Yellow River Flood and Dayu's Rule of Water,China,Lajia,35.8278,102.8542,-283.0403
432,CE 1999,Escavation of LajiaSite,China,Lajia,35.8278,102.8542,1312.5699
433,CE 861,Nilometer is installed,Egypt,Cairo,30.0208,31.2256,228.0685
434,35K years ago,Homo lives at Tachikiri,Japan,Tanegashima,30.5553,130.9647,-1247.8677
435,35K years ago,Homo lives at Yokomine,Japan,Tanegashima,30.4433,130.8736,-1247.8677
436,30K years ago,Homo lives TsuchihamaYaYa,Japan,Amami-Oshima,28.4138,129.6722,-1185.0008
437,30K years ago,Homo lives Kishigou,Japan,Amami-Oshima,28.4635,129.7154,-1185.0008
438,30K years ago,Homo lives Garazao,Japan,Tokunoshima,27.7421,128.912,-1185.0008
439,36.5K years ago,Homo lives Yamashita First Cave,Japan,Okinawa,26.2008,127.6728,-1265.0806
440,35K years ago,Homo lives SkitariDo,Japan,Okinawa,26.1452,127.7473,-1247.8677
441,21K years ago,Homo lives in Takigawa,Japan,Okinawa,26.13,127.7616,-1042.1135
442,30K years ago,Homo lives in Pinzaabu,Japan,Miyakozima,24.7488,125.3444,-1185.0008
443,27.5K years ago,Homo lives Shirahosaonetabaru Cave,Japan,Ishigaki Island,24.4246,124.2516,-1149.7887
444,CE 2016,KoukaiProject is officially launched,Japan,Tokyo,35.7191,139.7767,1393.4002
445,CE 2016,2 Boats of Typha leave Yonaguni for Iriomote,Japan,Yonaguni,24.4375,122.971,1394.7886
446,CE 2016,2 Boats of Typha abandon the voyage,North Pacific Ocean,East China Sea,24.5202,123.2406,1394.7886
447,CE 2017,Bambou Boat Ira1st leaves Dawu for  Lvdao,Taiwan,Dawu,22.3425,120.8996,1399.5625
448,CE 2017,Bambou Boat Ira 1st abandons the voyage,North Pacific Ocean,Philippine Sea,22.6648,121.4001,1399.5625
449,CE 2019,Dugout Canoe SugiMe (Goddess of Cedar)leaves Wushibi for Yonaguni,Taiwan,Wushibi,24.4721,121.8381,1410.4632
450,CE 2019,Dugout Canoe SugiMe arrives Nahma beach,Japan,Yonaguni,24.4481,122.9399,1410.4924
451,CE 1850,Installation of submarine cables between Dover and Calais,United Kingdom,Dover,51.1275,1.3122,922.9908
452,CE 1850,Installation of submarine cables between Calais and Dover,France,Calais,50.9481,1.8564,922.9908
453,CE 1851,Re-laying of the Dover-Calais submarine cable,United Kingdom,Dover,51.1275,1.3122,925.0909
454,CE 1851,Re-laying of the Calais-Dover submarine cable,France,Calais,50.9481,1.8564,925.0909
455,CE 1853,Installation of submarine cables between Holyhead and Hawth,United Kingdom,Holyhead,53.3101,-4.6304,926.9237
456,CE 1853,Installation of submarine cables between Hawth and Holyhead,Ireland,Howth,53.3859,-6.0711,926.9237
457,CE 1858,Installation of Transatlantic Telegraph Cable,United Kingdom,Valentina Island,51.9167,-10.2833,936.9834
458,CE 1858,Installation of ransatlantic Telegraph Cable,United States,Trinity Bay,48.0708,-53.6745,936.9834
459,5.5M years ago,Ardipithecus Kadabba,Ethiopia,Middle Awash,10.3,40.5,-3419.0097
460,4.4M years ago,Ardipithecus Ramidus,Ethiopia,Middle Awash,10.3,40.5,-3322.1411
461,CE 1997,Ardipithecus Kadabba is found,Ethiopia,Middle Awash,10.3,40.5,1308.5204
462,CE 2001,Article "Late Miocene hominids from the Middle Awash Ethiopia",World Wide,,0,0,1323.839
463,3.18M years ago,"Lucy" lives,Ethiopia,Hadar,11.1989,40.5652,-3181.1951
464,CE 1974,"Lucy" is found,Ethiopia,Hadar,11.1989,40.5652,1220.8001
465,CE 1992,a hominin tooth that differs from known species is found,Ethiopia,Middle Awash,10.3,40.5,1287.9524
466,CE 1994,"Ardi" is found,Ethiopia,Middle Awash,10.3,40.5,1295.5307
467,4.4M years ago,"Ardi" lives,Ethiopia,Middle Awash,10.3,40.5,-3322.1411
468,CE 2009,Aticles about "Ardi",World Wide,(whole),0,0,1361.3186
469,1.6M years ago,"Turkana Boy" lives,Kenya,Nariokotome,4.1,35.8833,-2883.171
470,CE 1984,"Turkana Boy" is found,Kenya,Nariokotome,4.1,35.8833,1253.0289
471,1.8M years ago,Homo Erectus Georgicus,Georgia,Domanisi,41.3317,44.2036,-2934.2602
472,CE 1991,Dmanisi hominins found,Georgia,Domanisi,41.3322,44.2044,1279.8027
473,CE 1579,"Theatrum Orbis Terrarum" published,Belgium,Antwerp,51.2167,4.4,603.7802
474,CE 1914,Endurance leaves Plymouth,United Kingdom,Plymouth,50.3714,-4.1422,1051.8465
475,CE 1914,Endurance leaves Grytviken,United Kingdom,South Georgia Island,-54.2814,-36.5081,1051.8465
476,CE 1915,Endurance passes Coats Land,Southern Ocean,,-77,-27.5,1052.0698
477,CE 1915,Endurance passes Caird Coast,Southern Ocean,,-76,-24,1052.0825
478,CE 1915,Endurance unnavigable due to sea ice blockage,Southern Ocean,,-78,-37,1052.1144
479,CE 1915,Endurance damaged due to sea ice,Southern Ocean,Weddell Sea,-71,-51,1053.9177
480,CE 1915,Endurance collapses and abandoned,Southern Ocean,Weddell Sea,-71,-51,1053.9369
481,CE 1915,Endurance sinking,Southern Ocean,Weddell Sea,-69,-51.5,1054.1163
482,CE 1916,Schackleton's Corps pass 67S-52W,Southern Ocean,Weddell Sea,-67,-52,1054.36
483,CE 1916,Schackleton's Corps escap in three lifeboats,Southern Ocean,Weddell Sea,-63,-53,1054.9955
484,CE 1916,Schackleton's Corps arrive Elephant Island,Antarctica,Elephant Island,-61.1333,-55.1167,1055.034
485,CE 1916,Schackleton +5 leave Elephant Island in James Caird,Antarctica,Elephant Island,-61.1333,-55.1167,1055.0919
486,CE 1916,James Caird arrives King Haakon Bay,United Kingdom,South Georgia Island,-54.1604,-37.3347,1055.1947
487,CE 1916,Schackleton +2 leaves King Haakon Bay,United Kingdom,South Georgia Island,-54.1604,-37.3347,1055.2461
488,CE 1916,Schackleton +2 cross the mountain range to Stromness,United Kingdom,Stromness,-54.16,-36.7116,1055.2589
489,CE 1916,Scahcleton's 3 members rescued from King Haakon Bay,United Kingdom,South Georgia Island,-54.1604,-37.3347,1055.2654
490,CE 1916,All of Schackleton's Corps rescued from Elephant Island,Antarctica,Elephant Island,-61.1333,-55.1167,1055.915
491,CE 2022,Endurance found 3008m under the sea,Southern Ocean,Weddell Sea,-68.339,-52.994,1424.8843
492,BCE 60,"De rerum natura" (On the Nature of Things),Italy,Rome,41.8931,12.4828,-13.1529
493,CE 1417,rediscovery of "De natura rerum",Germany,Fulda,50.5508,9.6753,486.4628
494,CE 1913,"LES ATOMES" published,France,Paris,48.8566,2.3522,1047.1718
495,CE 1897,Discovery of the Electron,United Kingdom,Cambridge,52.2031,0.12,1011.7143
496,CE 1899,Alpha particle discovered,Canada,Montreal,45.5089,-73.5542,1015.9914
497,CE 1900,Gamma ray (a high-energy photon) discovered,France,Paris,48.8567,2.3522,1018.1458
498,CE 1911,Atomic nucleus identified,Canada,Montreal,45.5089,-73.5542,1042.578
499,CE 1919,Proton discovered,Canada,Montreal,45.5089,-73.5542,1061.252
500,CE 1920,Druteron predicted,Canada,Montreal,45.5089,-73.5542,1063.6437
501,CE 1931,Deuteron discovered,United States,New York,40.8075,-73.9619,1090.8606
502,CE 1920,Neutron predicted,Canada,Montreal,45.5089,-73.5542,1065.0483
503,CE 1932,Neutron discovered,United Kingdom,Cambridge,52.2031,-0.12,1094.0361
504,CE 2000,Tau neutrino first observed directly,United States,Winfield,41.8319,-88.2572,1319.5891
505,CE 2000,Quark-gluon fireball discovered,Switzerland,Geneva,46.2342,6.0528,1317.6795
506,CE 1996,Tsukuba Meteorite falls,Japan,Tsukuba,36.0847,140.0764,1300.4087
507,CE 1898,Takahe declared extinct,New Zealand,South Island,-43.9833,170.45,1013.8476
508,CE 1948,Takahe rediscovered,New Zealand,Lake Te Anau,-45.4169,167.7181,1139.3554
509,CE 1948,Takahe listed as Critically Endangered in IUCN Red List,Switzerland,Gland,46.42,6.27,1139.4412
510,CE 1949,Takahe Reserve established,New Zealand,Murchison Mountains,-45.2752,167.5366,1139.4412
511,CE 2008,Takahe downgraded to Vulnerable in IUCN Red List,Switzerland,Gland,46.42,6.27,1352.6534
512,CE 1991,Takahe translocated to Tiritiri Matangi/predator-free offshore island,New Zealand,Tiritiri Matangi Island,-36.6,174.89,1279.8027
513,CE 1996,Takahe translocated to Mount Bruce National wildlife centres,New Zealand,Mount Bruce,-40.7211,175.6399,1299.9907
514,CE 2006,Takahē relocated to the Maungatautari Restoration Project,New Zealand,Mountain Maungatautari,-38.0333,175.5667,1345.7106
515,CE 2010,Takahē released at Willowbank Wildlife Reserve,New Zealand,Christchurch,-43.4628,172.5942,1365.6709
516,CE 2018,Dying Gondola whale found,Thailand,Songkhla,7.1975,100.595,1404.5906
517,CE 2018,Gondoh whale dies,Thailand,Songkhla,7.1975,100.595,1404.6481
518,CE 2018,80 plastic bags in stomach of dissected Gondoh whale,Thailand,Songkhla,7.1975,100.595,1404.6624
519,CE 1914,Saffragette Doctors depart London Victoria Station,United Kingdom,London,51.4952,-0.1441,1051.3239
520,CE 1914,Suffragette Doctors arrive at Gare Saint-Lazare in Paris,France,Paris,48.8751,2.3266,1051.3239
521,CE 1914,Suffragette Doctors establishe a hospital at Hôtel Claridge,France,Paris,48.8687,2.3037,1051.3366
522,CE 1646,"Pyramidographia or a Description of the Pyramids in Ægypt" published,United Kingdom,England,51.5078,-0.1281,663.4293
523,CE 2018,WSP scans the Great Pyramid of Giza using drone,Egypt,Giza,29.9792,31.1342,1406.65
524,CE 2024,Article "Supernovae evidence for foundational change to cosmological models" published,World Wide,WebSite,0,0,1440.5336
525,CE 1545,"Artis Magnæ Sive de Regulis Algebraicis Liber Unus" published,Italy,Milano,45.4669,9.19,576.3801
526,CE 1572,"L'ALGEBRA" published,Italy,Bologna,44.4939,11.3428,597.996
527,CE 1637,"Discours de la méthode" published,Netherlands,Leiden,52.16,4.49,654.9242
528,CE 1748,"Introductio in analysin infinitorum" published,Germany,Berlin,52.5164,13.3775,773.6434
529,CE 1797,"On the Analytical Representation of Direction" published,Denmark,Copenhagen,55.6797,12.5725,838.5282
530,CE 1801,"Disquisitiones Arithmeticae" published,Germany,Helmstedt,52.2292,11.0086,844.279
531,CE 1980,"Mandelbrot Set" visualised for the first time,United States,Yorktown Heights,41.2102,-73.803,1239.342
532,BCE 7500,Çatalhöyük,Turkey,Konya,37.6675,32.8283,-660.8014
533,CE 1958,Çatalhöyük found,Turkey,Konya,37.6675,32.8283,1165.934
534,12K years ago,Cave Painting at Tassili n'Ajjer,Algeria,Tassili n'Ajjer,25.5,9,-827.7336
535,CE 1982,Tassili n'Ajjer inscribed on the World Heritage List (composite heritage).,Algeria,Tassili n'Ajjer,25.5,9,1245.6729
536,BCE 9500,Karahan Tepe,Turkey,Şanlıurfa Province,37.0925, 39.3036,-742.9797
537,BCE 10000,Göbekli Tepe,Turkey,Şanlıurfa Province,37.2231,38.9253,-794.6792
538,CE 1997,Karahan Tepe is found,Turkey,Şanlıurfa Province,37.0925, 39.3036,1304.1434
539,CE 1963,Göbekli Tepe firest documented,Turkey,Istanbul,41.0136,28.955,1181.3819
540,CE 1994,Göbekli Tepe Escavation bigins,Turkey,Şanlıurfa Province,37.2231,38.9253,1291.8026
541,CE 1835,HMS Beagle leaves Copiapo,Chile,Copiapo,-27.3664,-70.3331,897.4812
542,CE 1835,HMS Beagle calls Iquique,Chile,Iquique,-20.2167,-70.15,897.508
543,CE 1835,HMS Beagle leaves Iquique,Chile,Iquique,-20.2167,-70.15,897.5214
544,CE 1835,HMS Beagle calls Callao,Peru,Callao,-12.0522,-77.1392,897.5393
545,CE 1836,HMS Beagle calls Keeling Islands,Australia,Cocos(Keeling)Islands,-12.1175,96.895,898.6942
546,CE 1836,HMS Beagle leaves Keeling Islands,Australia,Cocos(Keeling)Islands,-12.1175,96.895,898.739
547,CE 1836,HMS Beagle calls Port Louis,Mauritius,Port Louis,-20.2,57.5,898.8152
548,CE 1836,HMS Beagle calls Cape of Good Hope,South Africa,Cape of Good Hope,-34.3581,18.4756,898.9587
549,CE 1836,HMS Beagle leaves Cape of Good Hope,South Africa,Cape of Good Hope,-34.3581,18.4756,899.0394
550,CE 1836,HMS Beagle calls Saint Helena,United Kingdom,Saint Helena,-15.9667,-5.7,899.1246
551,CE 1836,HMS Beagle leaves Saint Helena,United Kingdom,Saint Helena,-15.9667,-5.7,899.156
552,CE 1836,HMS Beagle calls Ascension Island,United Kingdom,Ascension Island,-7.9333,-14.3667,899.1785
553,CE 1836,HMS Beagle leaves Ascension Island,United Kingdom,Ascension Island,-7.9333,-14.3667,899.1964
554,CE 1836,HMS Beagle calls Bahia,Brazil,Bahia,-12.9747,-38.4767,899.2368
555,CE 1836,HMS Beagle leaves Bahia,Brazil,Bahia,-12.9747,-38.4767,899.2593
556,CE 1836,HMS Beagle calls Pernambuco,Brazil,Pernambuco,-8.05,-34.9,899.2862
557,CE 1836,HMS Beagle leaves Pernambuco,Brazil,Pernambuco,-8.05,-34.9,899.3086
558,CE 1836,HMS Beagle calls Cape Verde Islands,Cabo Verde,Praia,15.3,-23.7,899.4298
559,CE 1836,HMS Beagle leaves Cape Verde Islands,Cabo Verde,Praia,15.3,-23.7,899.4568
560,CE 1836,HMS Beagle returns to Falmouth,United Kingdom,Falmouth,50.15,-5.07,899.5151
561,CE 1572,SN1572 is Observed by Tycho Brahe,Sweden,Scania,56.0881,13.2322,598.7726
562,CE 1604,SN1604 is Observed by Johannes Kepler,Czech Republic,Prague,50.0833,14.4167,625.8363
563,CE 1577,6-year-old Kepler gazes at the Great Comet,Germany,Stuttgart,48.7775,9.18,602.9492
564,CE 1577,Tycho Brahe observes the Great Comet,Sweden,Ven,55.9058,12.695,602.8788
565,CE 1802,Alexander von Humboldt explores Mount Chimborazo,Ecuador,Chimborazo,-1.4692,-78.8175,846.5468
566,CE 1805,Tableau Physique des régions équinoxiales fondé,France,Paris,48.8567,2.3522,850.107
567,CE 1787,H-B de Saussure observes cyanometer reading “36” on Mont Blanc,Switzerland,Mont Blanc,45.8326,6.8652,825.4101
568,CE 1799,A von Humboldt observes cyanometer reading “41” on Pico del Teide,Spain,Tenerife,28.2723,-16.6425,842.1962
569,CE 1802,A von Humboldt observes cyanometer reading “46” on Chimborazo,Ecuador,Chimborazo,-1.4692,-78.8175,846.5468
570,CE 1970,Djenné-Djenno identified via aerial survey,Mali,Djenné-Djenno,13.9061,-4.5539,1203.976
571,CE 1977,Excavations begin by Roderick and Susan McIntosh,Mali,Djenné-Djenno,13.9061,-4.5539,1228.0972
572,BCE 250,Settled by people using Iron tools and eating African Rice,Mali,Djenné-Djenno,13.9061,-4.5539,-49.7494
573,CE 50,Pastoralism and African Rice Cultivation in Djenné-Djenno,Mali,Djenné-Djenno,13.9061,-4.5539,9.5359
574,CE 400,Djenné-Djenno builds Walls and became a Trading Post,Mali,Djenné-Djenno,13.9061,-4.5539,90.7937
575,CE 1200,Djenné-Djenno produces Unique Terra-Cotta Figurines	Mali,Djenné-Djenno,13.9061,-4.5539,366.7546
576,CE 1400,Djenné-Djenno is Abandoned,Mali,Djenné-Djenno,13.9061,-4.5539,475.7501
577,about 9500 years ago,Tassili n'Ajjer Round Head Period,Algeria,Tassili n'Ajjer,25.5,9,-660.8014
578,BCE 6300,Tassili n'Ajjer Pastral Period,Algeria,Tassili n'Ajjer,25.5,9,-602.8164
579,CE 1971,Fighting Dinosaurs found,Mongolia,Djadochta Formation,44.1386,103.7278,1209.5562
580,75M years ago,Fighting Dinosaurs die,Mongolia,Djadochta Formation,44.1386,103.7278,-4553.5545
581,70M years ago,Manjungasaurus cannibalising each other,Madagascar,Mahajanga,-15.7167,46.3167,-4523.5922
582,CE 1896,Majungasaurus found,Madagascar,Mahajanga,-15.7167,46.3167,1009.5914
583,128M years ago,Mammals eat Dinosaurs,China,Beipiao,41.801,120.771,-4785.6982
584,CE 2012,Mammals eating Dinosaurs found,China,Beipiao,41.801,120.771,1373.9727
585,CE 607,Japanese missions to Sui China (the second),Japan,Asuka-mura,34.4713,135.8207,147.1445
586,CE 646,Imperial Rescript of Taika Reform,Japan,Osaka,34.6807,135.5233,158.6567
587,CE 752,Great Buddha of Nara Eye-opening Ceremony,Japan,Nara,34.6889,135.8398,191.5958
588,CE 1185,Imperial Sanction to the Kamakura Shogunate,Japan,Kyoto,35.0266,135.7599,360.0861
589,CE 1274,Landing of Yuan forces in Hakata,Japan,Hakata,33.618,130.333,404.4369
590,CE 1281,Yuan Forces land on Shiga Island,Japan,Shiga Island,33.675,130.3,407.9352
591,CE 1337,Emperor Godaigo establishes the Imperial Court in Yoshino,Japan,Yoshino,34.396,135.8576,438.4784
592,CE 1336,Kenmu Shikimoku,Japan,Kyoto,35.0301,135.7608,438.3945
593,BCE 500,Vulca makes Apollo of Veii,Italy,Veii,42.0233,12.3897,-93.6356
594,CE 1916,Apollo of Veii found,Italy,Veii,42.0233,12.3897,1054.1548
595,BCE 500,Refugees from Teos resettle Abdera,Greece,Abdera,40.9333,24.9667,-93.6356
596,BCE 500,Darius I declares Aramaic the official language of the western half of his empire,Iran,Persepolis,22.935,52.8916,-93.6356
597,BCE 500,Hanno the Navigator's naval exploration could have reached Gabon,South Atlantic Ocean,Gulf of Guinea,-0.5475,8.8548,-93.6356
598,BCE 500,The first republic in Vaishali founded,India,Bihar,25.99,85.13,-93.6356
599,BCE 500,The oldest known Zapotec writing appears,Mexico,Oaxaca,17.055,-96.655,-93.6356
600,BCE 500,The Olmec established Monte Albán,Mexico,Oaxaca,17.0439,-96.7678,-93.6356
601,CE 1812,Napoleon's army crosses the Niemen River,Lithuania,Kaunas,54.8985,23.9036,861.3484
602,CE 1812,Napoleon's army passes through Wilna,Lithuania,Vilnius,54.7872,25.2797,861.3649
603,CE 1812,Napoleon's army passes through Gloubokoe,Belarus,Hlybokaye,55.1381,27.685,861.3731
604,CE 1812,Napoleon's army passes through Witebsk,Belarus,Vitebsk,55.1833,30.1667,861.4389
605,CE 1812,Napoleon's army passes through Smolensk,Russia,Smolensk,54.7826,32.0453,861.5665
606,CE 1812,Napoleon's army passes through Dorogobuz,Russia,Dorogobuz,54.9141,33.3028,861.6035
607,CE 1812,Napoleon's army passes through Wiasma,Russia,Vyazma,55.2119,34.2951,861.6241
608,CE 1812,Napoleon's army passes through Ghiat,Russia,Gagarin,55.552,34.9954,861.6364
609,CE 1812,Napoleon's army passes through Mojaisk,Russia,Mozhaysk,55.5012,36.0275,861.6446
610,CE 1812,Napoleon's army occupies Moscow,Russia,Moscow,55.7558,37.6173,861.6817
611,CE 1812,Russian army abandons Moscow,Russia,Moscow,55.7558,37.6173,861.6323
612,CE 1812,Napoleon's army withdraws from Moscow,Russia,Moscow,55.7558,37.6173,861.8299
613,CE 1812,Battle of Taruchino,Russia,Tarutino,54.9344,35.7345,861.834
614,CE 1812,Battle of Maloyaroslavets,Russia,Maloyaroslavets,55.0173,36.4707,861.8505
615,CE 1812,Napoleon's army passes through Borisov,Belarus,Barysaw,54.2267,28.4922,861.9617
616,CE 1812,Battle of Berezina,Belarus,Studienka,54.3247,28.3544,861.9822
617,CE 1812,Napoleon's army passes through Smolensk,Russia,Smolensk,54.7826,32.0453,861.9122
618,CE 1812,Battle of Vyazma,Russia,Vyazma,55.2119,34.2951,861.8875
619,CE 1812,Napoleon's army crosses the Niemen River,Lithuania,Kaunas,54.8985,23.9036,862.0317
620,CE 1812,Napoleon's army passes through Wilna,Lithuania,Vilnius,54.6872,25.2797,862.0234
621,CE 1812,Napoleon's army passes through Smorgoni,Belarus,Smarhon,54.4793,26.3958,862.0152
622,CE 1812,Napoleon's army passes through Molodetchno,Belarus,Maladzyechna,54.3062,26.8546,862.007
623,CE 1812,Napoleon returns to Paris from Moscow,France,Paris,48.8738,2.295,862.077
624,CE 1600,Giordano Bruno is burned alive at the stake,Italy,Rome,41.8957,12.472,621.7949
625,CE 1600,Huaynaputina erupts,Peru,Huaynaputina,-16.6156,-70.8497,621.7996
626,CE 1900,Liefde- the first Dutch ship ever to arrive in Japan- anchors in Bungo,Japan,Usuki,33,132,1019.0378
627,CE 1600,Battle of Nieuwpoort also known as the Battle of the Dunes,Belgium,Nieuwpoort,51.1167,2.75,622.1196
628,CE 1600,Battle of Mirăslău or Battle of Miriszló,Romania,Mirăslău,46.3667,23.7167,622.3022
629,CE 1600,East India Company founded,India,Kolkata,22.5675,88.37,622.5513
630,CE 1991,Pinatubo Eruption VEI-6,Philippines,Mount Pinatubo,15.1417,120.35,1281.9423
631,CE 1912,Novarupta Eruption VEI-6,United States,Novarupta,58.2667,-155.1567,1046.0943
632,CE 1902,Santa María Eruption VEI-6,Guatemala,Santa María,14.7556,-91.1552,1024.4524
633,CE 1883,Krakatoa Eruption VEI-6,Indonesia,Krakatoa,-6.102,105.423,984.3707
634,CE 1815,Mount Tambora Eruption VEI-7,Indonesia,Mount Tambora,-8.25,118,865.5763
635,640K years ago,Yellowstone Caldera eruption VEI-over7,United States,Yellowstone,44.4,-110.7,-2486.0845
636,2.1M years ago,Yellowstone Caldera eruption VEI-over7,United States,Yellowstone,44.4,-110.7,-3001.1347
637,1.3M years ago,Yellowstone Caldera eruption VEI-over7,United States,Yellowstone,44.4,-110.7,-2793.1258
638,1.28M years ago,Mount Mazama eruption,United States,Mount Mazama,42.9165,-122.0845,-2786.4034
639,600K years ago,Mount Mazama eruption,United States,Mount Mazama,42.9165,-122.0845,-2458.1505
640,27M years ago,La Garita Caldera eruption VEI-8,United States,State of Colorado,37.7564,-106.9342,-4109.8786
641,CE 1912,Novarupta Plinian eruption,United States,Mount Katmai,58.2786,-154.9569,1046.0565
642,520K years ago,Incapillo erupts Ignimbrite,Argentina,Incapillo,-27.89,-68.82,-2396.2357
643,CE 79,Pliny the Elder dies while observing the eruption of Mount Vesuvius.,Italy,Stabiae,40.7031,14.4989,15.878
644,1.15M years ago,Incahuasi erupts,Argentina,Incahuasi,-27.033,-68.296,-2739.9717
645,710K years ago,Incahuasi erupts,Argentina,Incahuasi,-27.033,-68.296,-2531.0227
646,3M years ago,Ojos del Salado volcanic activity commences,Argentina,Ojos del Salado,-27.109,-68.541,-3155.9064
647,CE 1970,World's first ascent of Tipas,Argentina,Cerroo Tipas,-27.2,-68.55,1207.4295
648,2.9M years ago,The Tipas-Cerro Bayo complex is active,Argentina,Cerroo Tipas,-27.1961,-68.5608,-3141.1936
649,CE 2016,Copahue erupts,Argentina,Copahue,-37.85,-71.1667,1392.1838
650,650K years ago,Cerro Tuzgle volcanic activity commences,Argentina,Cerro Tuzgle,-24.05,-66.48,-2492.796